"Target","ExitCode","Warnings","Errors","Log"
"Hecton8.Core.csproj","0","0","0","Docs/Reports/APEX_COMPILE_MEDIC_TARGET_Hecton8.Core_20260528_3.log"
"Assembly-CSharp.csproj","1","0","3","Docs/Reports/APEX_COMPILE_MEDIC_TARGET_Assembly-CSharp_20260528_3.log"
"Assembly-CSharp-Editor.csproj","0","0","0","Docs/Reports/APEX_COMPILE_MEDIC_TARGET_Assembly-CSharp-Editor_20260528_3.log"
"Crest.csproj","0","0","0","Docs/Reports/APEX_COMPILE_MEDIC_TARGET_Crest_20260528_3.log"
"Crest.Helpers.Editor.csproj","0","0","0","Docs/Reports/APEX_COMPILE_MEDIC_TARGET_Crest.Helpers.Editor_20260528_3.log"
"MapMagic.csproj","0","0","0","Docs/Reports/APEX_COMPILE_MEDIC_TARGET_MapMagic_20260528_3.log"
"MapMagic.Editor.csproj","0","0","0","Docs/Reports/APEX_COMPILE_MEDIC_TARGET_MapMagic.Editor_20260528_3.log"
"MapMagic.MicroSplat.csproj","0","0","0","Docs/Reports/APEX_COMPILE_MEDIC_TARGET_MapMagic.MicroSplat_20260528_3.log"
"MapMagic.MicroSplat.Editor.csproj","0","0","0","Docs/Reports/APEX_COMPILE_MEDIC_TARGET_MapMagic.MicroSplat.Editor_20260528_3.log"
