resource_id,prefab_path,current_primitive_evidence,current_material_paths,data_owner_paths,reusable_source_candidates,required_mesh_silhouette,required_texture_identity,collider_proxy_split,lod_hlod_expectation,quality_scaling,proof_needed,status,next_owner
"CopperOre","Assets/_Project/Prefabs/Resources/Pickups/PFB_Resource_CopperOre.prefab","MeshFilter m_Mesh built-in primitive cube: fileID 10202 guid 0000000000000000e000000000000000; BoxCollider m_Size 1/1/1; MeshRenderer material guid ae507c2ce65eefc42b52651c83be0b33.","Assets/_Project/Art/Materials/Resources/Mat_Resource_Copper.mat","Assets/_Project/Data/Items/Resources/Raw/Data_Copper.asset; stableId Data_Copper; legacyItemName Copper Ore; worldPrefab points back to PFB_Resource_CopperOre.","Assets/_Project/Art/Meshes/WorldProceduralGeology/RockSmallFloor and RockClusterMedium can seed host-rock silhouette only; ResourceNodeTemplate_CopperVein is data owner context, not mesh proof; no accepted source package found.","Irregular copper-bearing ore chunk, chipped basalt host, broken fracture faces, asymmetric palm-size mass, visible copper vein/streak cuts; not a cube or recolored generic rock.","Dark wet host rock with copper/green oxide streaks, rough fracture normals, cavity AO, MRAO channel declaration, optional mineral glint mask; current material path is only color/material placeholder until texture roles are proven.","VIS ore mesh separate from COL pickup bounds; coarse box/convex pickup collider plus trigger/interaction route; no LOD0 visual MeshCollider; PickupItem remains dumb proxy to data.","LOD0 ore chunk, LOD1 reduced shard, LOD2 coarse angular pebble, HLOD/impostor for dense resource fields with dither hysteresis and shared instanced material.","GlobalQualityWeight 0 keeps ore silhouette, copper streak readability, shared material, cheap proxy; middle adds vein normals and dirt; high adds richer wet fracture response and longer LOD0; ultra adds micro chips/mineral sparkle only, no data/collider truth change.","Prefab YAML proving non-primitive mesh; mesh/material/texture role paths; data owner alias Data_Copper; collider/proxy report; LOD/HLOD report; compact and normal pickup screenshots; profiler only if render path changes.","BLOCKED_SOURCE_PACKAGE_MISSING","Resource art + geology source owner; inventory data owner preserves Data_Copper alias."
"FiberKelp","Assets/_Project/Prefabs/Resources/Pickups/PFB_Resource_FiberKelp.prefab","MeshFilter m_Mesh built-in primitive plane: fileID 10208 guid 0000000000000000e000000000000000; CapsuleCollider radius 0.5 height 2; material guid b77981b656c1232469d3653071e3a371.","Assets/_Project/Art/Materials/Resources/Mat_Resource_Fiber.mat","Assets/_Project/Data/Items/Resources/Raw/Data_FiberKelp.asset; stableId Data_FiberKelp; worldPrefab points back to PFB_Resource_FiberKelp; node context ResourceNodeTemplate_FiberKelpStand.","Assets/_Project/Art/Generated/Flora/BioForge/Shallows/Kelp/GEN_Shallows_Kelp_*_LOD0/1/2.asset can seed kelp blade/frond language; 1858/1866 classify as candidate only, missing manifests/named proof/captures.","Harvested kelp bundle, folded and tied/curling strips with real thickness, ragged cut ends, layered fronds, wet sag; not one flat plane.","Wet green-brown kelp fiber, vein normals, edge fray, translucency/alpha clip mask if used, packed wetness/AO; avoid alpha blend overdraw on dense fields.","VIS frond bundle separate from coarse pickup trigger; capsule/box trigger only; flora visual has no gameplay collision except harvest/pickup bounds.","LOD0 bundled strips, LOD1 reduced strips/cards, LOD2 coarse crossed cards, HLOD only for resource field clusters; dithered alpha clip, not alpha blend.","GlobalQualityWeight 0 keeps strong bundle silhouette and vein color via cheap clip cards; middle adds vein/detail masks; high adds wet translucency and frayed edges; ultra adds secondary fronds/fold detail without changing item truth.","Prefab YAML non-primitive; selected kelp source mesh path or new pickup mesh; material roles including alpha/translucency; collider trigger proof; LOD/HLOD proof; compact readability screenshot; no runtime proof claimed.","BLOCKED_CANDIDATE_ONLY","Flora/resource art owner must package harvested pickup variant from BioForge kelp or new source; inventory owner preserves data."
"HydrocarbonResin","Assets/_Project/Prefabs/Resources/Pickups/PFB_Resource_HydrocarbonResin.prefab","MeshFilter m_Mesh built-in primitive plane: fileID 10208 guid 0000000000000000e000000000000000; CapsuleCollider radius 0.5 height 2; material guid 1bfc07924121e5948a09b9b52769b7e2.","Assets/_Project/Art/Materials/Resources/Mat_Resource_Resin.mat","Assets/_Project/Data/Items/Resources/Raw/Data_HydrocarbonResin.asset; stableId Data_HydrocarbonResin; worldPrefab points back to PFB_Resource_HydrocarbonResin; node context ResourceNodeTemplate_HydrocarbonResinPod.","ResourceNodeTemplate_HydrocarbonResinPod and sargassum/flora data provide source context only; no non-primitive resin clump mesh or accepted material package found.","Sticky irregular amber/dark resin clump or pod fragment, sagging lobes, torn shell/grit inclusions, asymmetric mass that reads collectible at 2-4m.","Amber/dark oily hydrocarbon translucency, high roughness variance, embedded grit, wet highlights, packed AO/wetness/emission-or-mask channel declared; not flat transparent plane.","VIS resin clump separated from coarse pickup trigger/collider; no visual MeshCollider; optional small convex hull only if static physical contact is required.","LOD0 clump with lobes, LOD1 simplified blob, LOD2 coarse shard/lump, HLOD cluster for dense brine/resource fields.","GlobalQualityWeight 0 keeps clump silhouette and oily color using shared material; middle adds grit and wet masks; high adds translucency/normal richness; ultra adds micro bubbles and broken-shell detail only.","Prefab YAML; mesh/material/texture source paths; collider/proxy split; LOD/HLOD report; compact and normal screenshots; source package manifest; profiler only for new shader/render feature.","BLOCKED_NO_REAL_SOURCE_FOUND","Resource material/art owner plus brine/flora source owner."
"MembraneTissue","Assets/_Project/Prefabs/Resources/Pickups/PFB_Resource_MembraneTissue.prefab","MeshFilter m_Mesh built-in primitive sphere/capsule-class: fileID 10207 guid 0000000000000000e000000000000000; primitive collider present in YAML; material guid 069d2d44c63d2814fa1b8886a7eac852.","Assets/_Project/Art/Materials/Resources/Mat_Resource_Membrane.mat","Assets/_Project/Data/Items/Resources/Raw/Data_MembraneTissue.asset; stableId Data_MembraneTissue; worldPrefab points back to PFB_Resource_MembraneTissue; node context ResourceNodeTemplate_MembraneTissueBloom.","FloraDataTemplate_VeilFern/SporeCannon/SpineMoss/FungalStalk and ResourceNodeTemplate_MembraneTissueBloom provide biological context only; no accepted pickup mesh found.","Folded torn membrane scrap, thin organic sheet with thickness at edges, veins, wet folds, ragged harvest cuts; not a sphere/blob.","Pale wet biological tissue, vein normals, subsurface/wet mask if shader supports, cavity AO, red/brown cut edges, packed mask declaration.","VIS membrane sheet/bundle separated from soft pickup trigger; capsule/sphere/box trigger only; no visual collision truth.","LOD0 folded tissue, LOD1 reduced sheet/fold, LOD2 coarse organic scrap, no field HLOD unless mass-harvest clusters exist.","GlobalQualityWeight 0 keeps torn readable sheet silhouette and wet color; middle adds vein normals; high adds subsurface/wet response; ultra adds micro folds/cut fibers only.","Prefab YAML non-primitive; biological source mesh path; material/texture role report; collider trigger proof; LOD report; compact screenshot; no visual acceptance without capture.","BLOCKED_NO_REAL_SOURCE_FOUND","Biology/flora art owner plus inventory owner."
"SilicaShards","Assets/_Project/Prefabs/Resources/Pickups/PFB_Resource_SilicaShards.prefab","MeshFilter m_Mesh built-in primitive sphere/capsule-class: fileID 10207 guid 0000000000000000e000000000000000; primitive collider present in YAML; material guid bccf5b4090cdf774c8ed20fec789bb61.","Assets/_Project/Art/Materials/Resources/Mat_Resource_Silica.mat","Assets/_Project/Data/Items/Resources/Raw/Data_SilicaShards.asset; stableId Data_SilicaShards; worldPrefab points back to PFB_Resource_SilicaShards; node context ResourceNodeTemplate_SilicaShardCluster and Silicon7BGlassVein.","WorldProceduralGeology RockSmallFloor/RockClusterMedium can seed fractured base silhouette; ResourceNodeTemplate_SilicaShardCluster gives source context; no accepted shard pickup mesh found.","Cluster of angular silica shards with sharp fracture planes, varied shard heights, broken glass/mineral edges, small base rubble; not a ball.","Milky/glassy silica, chipped edge highlights, roughness variance, fracture normals, AO between shards, optional translucency/glint mask with packed channel contract.","VIS shard cluster separate from safe coarse pickup bounds; convex/box trigger should avoid sharp collision snag; no LOD0 MeshCollider.","LOD0 shard cluster, LOD1 fewer shards, LOD2 coarse angular lump, HLOD for crystal/resource fields with silhouette cards or instanced clusters.","GlobalQualityWeight 0 keeps angular shard silhouette and milky material read; middle adds fracture normals; high adds glassy response; ultra adds tiny chips and sharper edge masks.","Prefab YAML; mesh/material/texture paths; collider/proxy report; LOD/HLOD proof; compact pickup screenshot; player capture before acceptance.","BLOCKED_NO_REAL_SOURCE_FOUND","Geology/resource art owner."
"SilverOre","Assets/_Project/Prefabs/Resources/Pickups/PFB_Resource_SilverOre.prefab","MeshFilter m_Mesh built-in primitive cube: fileID 10202 guid 0000000000000000e000000000000000; BoxCollider m_Size 1/1/1; material guid b28ebcf403a194943882948e368150f6.","Assets/_Project/Art/Materials/Resources/Mat_Resource_Silver.mat","Assets/_Project/Data/Items/Resources/Raw/Data_SilverOre.asset; stableId Data_SilverOre; worldPrefab points back to PFB_Resource_SilverOre; node context ResourceNodeTemplate_SilverVein.","WorldProceduralGeology RockClusterMedium/RockSmallFloor can seed host-rock shape only; ResourceNodeTemplate_SilverVein gives data context; no accepted ore pickup source found.","Irregular host-rock ore chunk with silver veins, chipped fracture, darker matrix than copper, smaller high-grade conductive seam; must be distinct from copper by vein form, not recolor only.","Gray/black host rock, silver mineral streaks/veins, cavity AO, rough fracture normals, subtle metallic response in vein mask; packed MRAO roles declared.","VIS ore chunk separate from coarse pickup collider/trigger; no visual MeshCollider; same pickup authority as data proxy.","LOD0 ore chunk, LOD1 reduced shard, LOD2 coarse pebble, HLOD for resource fields.","GlobalQualityWeight 0 keeps vein silhouette and contrast; middle adds streak normal/mask; high adds wet fracture/metal response; ultra adds micro mineral glints only.","Prefab YAML; selected mesh path; material/texture role report; collider split; LOD/HLOD proof; compact and normal screenshots.","BLOCKED_NO_REAL_SOURCE_FOUND","Geology/resource art owner."
"SulfurClumps","Assets/_Project/Prefabs/Resources/Pickups/PFB_Resource_SulfurClumps.prefab","MeshFilter m_Mesh built-in primitive sphere/capsule-class: fileID 10207 guid 0000000000000000e000000000000000; primitive collider present in YAML; material guid 37d878f97fbcc444eaf37c7b2c6c16d0.","Assets/_Project/Art/Materials/Resources/Mat_Resource_Sulfur.mat","Assets/_Project/Data/Items/Resources/Raw/Data_SulfurClumps.asset; stableId Data_SulfurClumps; worldPrefab points back to PFB_Resource_SulfurClumps; node context ResourceNodeTemplate_SulfurVentClump and ToxicSulfurDeposit.","WorldProceduralGeology and vent node templates can seed clump/vent residue language only; no accepted sulfur pickup mesh found.","Brittle cluster of sulfur nodules/crystals with irregular lumpy silhouette, vent residue at base, broken chips; not a sphere.","Yellow sulfur with dark vent soot/residue, rough porous normals, AO between nodules, optional reactive mask; avoid clean toy-yellow material.","VIS nodule cluster separated from coarse pickup trigger; collider should be simple box/sphere/capsule, not per-nodule mesh.","LOD0 nodule cluster, LOD1 fewer nodules, LOD2 coarse lump, HLOD for vent/resource fields.","GlobalQualityWeight 0 preserves nodule silhouette and vent residue; middle adds porous normals; high adds crystal/material response; ultra adds tiny chips/residue variation only.","Prefab YAML; mesh/material path; texture role report; collider proof; LOD/HLOD; compact screenshot; no runtime claim.","BLOCKED_NO_REAL_SOURCE_FOUND","Geology/vent resource art owner."
"TitaniumScrap","Assets/_Project/Prefabs/Resources/Pickups/PFB_Resource_TitaniumScrap.prefab","MeshFilter m_Mesh built-in primitive cube: fileID 10202 guid 0000000000000000e000000000000000; BoxCollider m_Size 1/1/1; material guid 1ab6d90547f252c41bb386cefc8d12c2.","Assets/_Project/Art/Materials/Resources/Mat_Resource_Scrap.mat","Assets/_Project/Data/Items/Resources/Raw/Data_TitaniumScrap.asset; stableId Data_TitaniumScrap; worldPrefab points back to PFB_Resource_TitaniumScrap; node context ResourceNodeTemplate_TitaniumScrap and TitaniumBasaltMass.","Assets/_Project/Prefabs/Construction/Final/PFB_SargassumCollapseChunk.prefab shares Mat_Resource_Scrap but is not accepted scrap source; ScifiFacility/Models from 1866 may seed manufactured metal only after sanitization; no pickup source package found.","Cut/bent titanium salvage plate shard with bolt holes, torn edges, stamped paint remnant, thickness and weight; distinct from ore resources.","Scratched titanium/paint, exposed cut edges, salt, oil grime, worn labels, MRAO metallic/roughness/AO declaration, normal detail for bends/cuts.","VIS scrap mesh separated from pickup trigger/collider; coarse box/convex hull; no visual MeshCollider; root Item_Titanium should reuse or be quarantined.","LOD0 bent plate/shard, LOD1 reduced plate, LOD2 coarse shard, HLOD for scrap fields/debris clusters.","GlobalQualityWeight 0 keeps bent metal silhouette and cut-edge material; middle adds paint/labels; high adds wear/wetness; ultra adds bolts/weld scars/micro scratches only.","Prefab YAML; mesh/material/texture source paths; data route proof; collider split; LOD/HLOD; compact and normal screenshots; profiler if render path changes.","BLOCKED_NO_REAL_SOURCE_FOUND","Salvage/resource art owner plus inventory owner."
"Item_Titanium","Assets/_Project/Prefabs/Item_Titanium.prefab","MeshFilter m_Mesh built-in primitive cube: fileID 10202 guid 0000000000000000e000000000000000; material guid 31321ba15b8f8eb4c954353edc038b1d resolves to no local material meta in _Project material scan and is reused by unrelated prefabs/settings; BoxCollider m_Size 1/1/1; PickupItem itemData guid e5817766c5653214f8db9a6161026a98; ScannableTarget entryId resource.titanium_fragment.","UNRESOLVED: guid 31321ba15b8f8eb4c954353edc038b1d did not resolve to a material path via Assets meta search; canonical scrap material exists at Assets/_Project/Art/Materials/Resources/Mat_Resource_Scrap.mat for TitaniumScrap pickup.","Assets/_Project/Data/Items/Resources/Raw/Data_TitaniumScrap.asset; same item data as TitaniumScrap; root prefab appears duplicate/legacy pickup route with scan entry.","PFB_Resource_TitaniumScrap future source should be canonical if retained; otherwise quarantine Item_Titanium as legacy and prove no production refs; no direct source package found.","Either same cut/bent titanium scrap shard as canonical TitaniumScrap, or no replacement because root prefab is quarantined; must not become separate visual truth.","Use Mat_Resource_Scrap and same titanium scrap texture roles if retained; unresolved current material GUID must be resolved by integrator or removed through quarantine.","If retained, VIS scrap mesh + coarse pickup collider/trigger; if quarantined, no production collider truth; ScannableTarget entry must map to canonical prefab/data owner if still needed.","If retained, inherit TitaniumScrap LOD0/1/2/HLOD; if quarantined, no independent LOD route.","GlobalQualityWeight inherits TitaniumScrap if retained; quarantine has no runtime quality consequence; no duplicate quality truth.","Prefab YAML proving canonical non-primitive relink or quarantine/no production refs; material GUID resolution; scan route decision; screenshots if retained; no Unity/runtime proof from this packet.","QUARANTINE_RECOMMENDED_UNTIL_PRODUCTION_REF_PROOF","Inventory/integrator owner decides canonical route; resource art owner only if retained."
