role_id,domain,role_name,credible_existing_source,status,evidence_class,evidence,rejection_or_gap,next_required_source
TRANSPORT_CargoSled_HULL,transport,CargoSled pressure/load-frame hull,"Assets/_Project/Art/RuntimeShell1428/MAT_H8Shell_PressureHull.mat; Assets/_Project/Art/RuntimeShell1428/H8_Shell_Submarine_WetSteel.mat; Assets/_Project/Art/Materials/RuntimeVisualProof/MAT_RuntimeVisualProof_WetPressureMetal.mat",MISSING_SOURCE_REQUIRED,STATIC_SOURCE,"Current prefab uses built-in cube at Assets/_Project/Prefabs/Transport/PFB_CargoSled_Transport.prefab:49 and unresolved material GUID at line 96; candidate materials exist but no albedo/normal/MRAO maps are assigned in inspected YAML.","Current candidate materials are flat parameter materials, not final PBR texture sets; default/unresolved material is rejected.","Author transport-specific albedo, BC5 normal, packed MRAO, wetness/wear/decal mask for sled hull/load rails."
TRANSPORT_CargoSled_RUBBER_GRIP,transport,CargoSled rubber pads/grips/tow buffers,"MISSING_SOURCE_REQUIRED",MISSING_SOURCE_REQUIRED,STATIC_SOURCE,"No project-owned rubber material with texture role maps was found in targeted Assets/_Project material/texture scan.","Placeholder construction materials and package/cache/default routes are rejected.","Author matte rubber/gasket albedo, normal, MRAO and edge-wear mask for pads/handles/straps."
TRANSPORT_CargoSled_LABEL_TRIM,transport,CargoSled labels/clamps/hazard trims,"Assets/_Project/Art/Materials/RuntimeVisualProof/MAT_RuntimeVisualProof_WornLabel.mat; Assets/_Project/Art/Materials/RuntimeVisualProof/MAT_RuntimeVisualProof_WornLabelWhite.mat; Assets/_Project/Art/Materials/RuntimeVisualProof/MAT_RuntimeVisualProof_OldAmberPaint.mat; Assets/_Project/Art/RuntimeShell1428/MAT_H8Shell_AmberSignal.mat; Assets/_Project/Art/RuntimeShell1428/MAT_H8Shell_CyanSignal.mat",MISSING_SOURCE_REQUIRED,STATIC_SOURCE,"Named label/signal materials exist; inspected RuntimeVisualProof family uses color parameters with no assigned texture maps for most slots.","Flat color signal/label materials are trim placeholders only; no decal atlas or wear mask proven.","Author trim/decal atlas with worn service labels, clamp wear, hazard paint chips, packed mask channels."
TRANSPORT_ExosuitFrame_FRAME,transport,ExosuitFrame structural metal/composite frame,"Assets/_Project/Art/RuntimeShell1428/MAT_H8Shell_PressureHull.mat; Assets/_Project/Art/RuntimeShell1428/H8_Shell_Submarine_WetSteel.mat; Assets/_Project/Art/Materials/RuntimeVisualProof/MAT_RuntimeVisualProof_WetEdgeSteel.mat",MISSING_SOURCE_REQUIRED,STATIC_SOURCE,"Current prefab uses built-in cube at Assets/_Project/Prefabs/Transport/PFB_Exosuit_Frame_Transport.prefab:49 and unresolved material GUID at line 96; candidate metal materials exist.","No authored exosuit-frame texture set or mesh-slot manifest exists; blockout/default materials rejected.","Author frame plate albedo, BC5 normal, packed MRAO, hydraulic grime, scrape/wear masks."
TRANSPORT_ExosuitFrame_RUBBER_SEALS,transport,ExosuitFrame seals/grips/straps,"MISSING_SOURCE_REQUIRED",MISSING_SOURCE_REQUIRED,STATIC_SOURCE,"No project-owned rubber/seal material with mapped albedo/normal/MRAO was found in targeted scan.","Construction placeholder and third-party ScifiFacility rubber candidates are not accepted first-party sources.","Author rubber/seal material set with matte roughness, pressure crease normals, AO and wetness mask."
TRANSPORT_ExosuitFrame_SIGNAL_LABELS,transport,ExosuitFrame labels/latches/instrument trims,"Assets/_Project/Art/Materials/RuntimeVisualProof/MAT_RuntimeVisualProof_PlayerSuitCyanEdge.mat; Assets/_Project/Art/Materials/RuntimeVisualProof/MAT_RuntimeVisualProof_PlayerSuitAmberLatch.mat; Assets/_Project/Art/Materials/RuntimeVisualProof/MAT_RuntimeVisualProof_WornLabel.mat",MISSING_SOURCE_REQUIRED,STATIC_SOURCE,"Cyan/amber/worn-label material names exist and are semantically close to latches/instrument trims.","Inspected materials are color/emission values without assigned final decal/mask textures.","Author exosuit trim/decal atlas for service marks, latch chips, instrument strips, emission mask."
TRANSPORT_MicroSub_HULL,transport,MicroSub pressure hull,"Assets/_Project/Art/RuntimeShell1428/H8_Shell_Submarine_WetSteel.mat; Assets/_Project/Art/RuntimeShell1428/MAT_H8Shell_PressureHull.mat; Assets/_Project/Art/Materials/RuntimeVisualProof/MAT_RuntimeVisualProof_WetPressureMetal.mat",MISSING_SOURCE_REQUIRED,STATIC_SOURCE,"Current prefab uses built-in cube at Assets/_Project/Prefabs/Transport/PFB_MicroSub_Transport.prefab:49 and unresolved material GUID at line 96; submarine wet steel material exists.","No micro-sub-specific PBR maps, wear masks, pressure-vessel panel atlas, or viewport-linked material manifest found.","Author rounded-hull albedo, normal, packed MRAO, waterline grime, salt/corrosion, pressure-panel decal mask."
TRANSPORT_MicroSub_GLASS,transport,MicroSub viewport/glass/lens,"Assets/_Project/Art/Materials/RuntimeVisualProof/MAT_RuntimeVisualProof_DirtyPressureGlass.mat; Assets/_Project/Art/RuntimeShell1428/H8_Shell_1428_BlackGlass.mat; Assets/_Project/Art/RuntimeShell1428/H8_Shell_1428_HazeGlass.mat",MISSING_SOURCE_REQUIRED,STATIC_SOURCE,"DirtyPressureGlass and Shell glass materials exist as transparent glass candidates.","DirtyPressureGlass and shell glass inspected as parameter materials; no viewport scratch/droplet texture set bound for transport glass.","Author viewport glass with scratch normal, grime, droplet/runoff/wetness mask and compact-safe opaque fallback."
TRANSPORT_MicroSub_TRIM,transport,MicroSub labels/clamps/signal trims,"Assets/_Project/Art/Materials/RuntimeVisualProof/MAT_RuntimeVisualProof_WornLabel.mat; Assets/_Project/Art/RuntimeShell1428/MAT_H8Shell_AmberSignal.mat; Assets/_Project/Art/RuntimeShell1428/MAT_H8Shell_CyanSignal.mat",MISSING_SOURCE_REQUIRED,STATIC_SOURCE,"Named label and signal materials exist.","No micro-sub decal atlas, clamp wear mask, or emission trim texture proven.","Author service label/decal atlas, clamp-edge wear mask, emissive trim mask."
TRANSPORT_ScoutGlider_BODY,transport,ScoutGlider directional body/fins/battery shell,"Assets/_Project/Art/RuntimeShell1428/H8_Shell_1428_WetGraphite.mat; Assets/_Project/Art/RuntimeShell1428/H8_Shell_Submarine_WetSteel.mat; Assets/_Project/Art/Materials/RuntimeVisualProof/MAT_RuntimeVisualProof_BlackHullNoir.mat",MISSING_SOURCE_REQUIRED,STATIC_SOURCE,"Current prefab uses built-in cube at Assets/_Project/Prefabs/Transport/PFB_ScoutGlider_Transport.prefab:49 and unresolved material GUID at line 96; graphite/hull materials exist.","No authored glider body material texture set or fins/battery slot manifest found.","Author glider graphite/composite albedo, normal, packed MRAO, fin scrape, battery wear, hydrodynamic grime mask."
TRANSPORT_ScoutGlider_GRIPS_RUBBER,transport,ScoutGlider hand/ride rails and rubber grips,"MISSING_SOURCE_REQUIRED",MISSING_SOURCE_REQUIRED,STATIC_SOURCE,"No first-party rubber material with final texture-role maps found in targeted scan.","Flat color or third-party rubber is rejected without ownership/import proof.","Author grip rubber albedo, normal, MRAO, hand-wear/salt mask."
TRANSPORT_ScoutGlider_LENS_SIGNAL,transport,ScoutGlider nose lens/signal/labels,"Assets/_Project/Art/Materials/RuntimeVisualProof/MAT_RuntimeVisualProof_DirtyPressureGlass.mat; Assets/_Project/Art/Materials/RuntimeVisualProof/MAT_RuntimeVisualProof_InstrumentCyan.mat; Assets/_Project/Art/Materials/RuntimeVisualProof/MAT_RuntimeVisualProof_WornLabel.mat",MISSING_SOURCE_REQUIRED,STATIC_SOURCE,"Glass, cyan instrument, and worn-label material candidates exist.","No scout-glider lens scratch map, decal atlas, or emission mask proven.","Author nose-lens glass/scratch map, signal emission mask, warning/service decal atlas."
PLAYER_FP_GLOVES_FOREARMS,player,First-person gloves and forearms,"Assets/_Project/Art/Materials/RuntimeVisualProof/MAT_RuntimeVisualProof_PlayerSuitGraphiteNoir.mat; Assets/_Project/Art/Materials/RuntimeVisualProof/MAT_RuntimeVisualProof_PlayerSuitCyanEdge.mat; Assets/_Project/Art/Materials/RuntimeVisualProof/MAT_RuntimeVisualProof_PlayerSuitAmberLatch.mat",MISSING_SOURCE_REQUIRED,STATIC_SOURCE,"1872 reports active cube body parts; current Player.prefab static scan confirms built-in cube MeshFilters and unresolved/default material GUIDs; named suit materials exist.","Suit materials are parameter-only candidates without glove/forearm albedo, normal, MRAO, or wear masks; active blockout cubes rejected.","Author first-person glove/forearm texture set: graphite rubber, knuckle plates, seams, tool-contact wear, normal/MRAO/wetness/decal masks."
PLAYER_TORSO_PELVIS_LEGS_FINS,player,Torso pelvis legs fins full-suit surfaces,"Assets/_Project/Art/Materials/RuntimeVisualProof/MAT_RuntimeVisualProof_PlayerSuitGraphiteNoir.mat; Assets/_Project/Art/RuntimeShell1428/H8_Shell_1428_WetGraphite.mat; Assets/_Project/Art/Materials/RuntimeVisualProof/MAT_RuntimeVisualProof_WetEdgeSteel.mat",MISSING_SOURCE_REQUIRED,STATIC_SOURCE,"1872 names torso/pelvis/thigh/calf/fin cube MeshFilters; current scan confirms cube mesh hits in Player.prefab.","No full-suit authored texture maps or body slot manifest found; blockout and unresolved GUID routes rejected.","Author full-suit albedo, normal, packed MRAO, fabric/rubber/plate masks, fin edge wear and wetness mask."
PLAYER_HELMET_VISOR_HOUSING,player,Helmet and visor housing shell/rim,"Assets/_Project/Art/Materials/RuntimeVisualProof/MAT_RuntimeVisualProof_PlayerSuitGraphiteNoir.mat; Assets/_Project/Art/Materials/RuntimeVisualProof/MAT_RuntimeVisualProof_WetPressureMetal.mat; Assets/_Project/Art/RuntimeShell1428/H8_Shell_1428_WetGraphite.mat",MISSING_SOURCE_REQUIRED,STATIC_SOURCE,"1872 requires helmet/visor housing; current Suit_Visor is primitive sphere mesh at Player.prefab:2819.","No authored helmet housing texture set, rim material atlas, or pressure-seal normal/MRAO found.","Author helmet shell/rim albedo, normal, packed MRAO, gasket/edge-wear, seal/screw/decal masks."
PLAYER_VISOR_GLASS_RIM,player,Visor glass/rim with scratch droplet runoff,"Assets/_Project/Art/Materials/Mat_Visor_Glass.mat; Assets/_Project/Art/TEXTURES/Detali/visor runoff normal.png; Assets/_Project/Art/TEXTURES/Detali/visor droplet mask.png; Assets/_Project/Art/Shaders/SuitVisor.shader",PARTIAL_SOURCE_STATIC,STATIC_SOURCE,"Mat_Visor_Glass binds SuitVisor.shader, _WaterDropletMaskTex GUID resolves to visor droplet mask, and _WaterRunoffNormalTex GUID resolves to visor runoff normal under Assets/_Project.","ScratchNormalMap/FingerprintTex are unassigned; current Suit_Visor mesh is primitive and glass acceptance has no screenshot/Frame Debugger proof.","Add scratch normal/fingerprint/grime maps, rim/housing masks, opaque compact fallback, and Unity screenshots/Frame Debugger proof."
PLAYER_LABELS_LATCHES_INSTRUMENT_TRIMS,player,Labels latches instrument trims,"Assets/_Project/Art/Materials/RuntimeVisualProof/MAT_RuntimeVisualProof_PlayerSuitCyanEdge.mat; Assets/_Project/Art/Materials/RuntimeVisualProof/MAT_RuntimeVisualProof_PlayerSuitAmberLatch.mat; Assets/_Project/Art/Materials/RuntimeVisualProof/MAT_RuntimeVisualProof_WornLabel.mat; Assets/_Project/Art/Materials/RuntimeVisualProof/MAT_RuntimeVisualProof_ReadableWornLabelWhite.mat",MISSING_SOURCE_REQUIRED,STATIC_SOURCE,"Named cyan/amber/worn label material candidates exist and match 1872/1879 trim requirements.","No decal atlas, emission mask, latches wear mask, or label source texture proven.","Author suit trim/decal atlas with readable service labels, latch chips, instrument strips, packed emission/wear masks."
REJECT_DEFAULT_UNRESOLVED_GUID,global,Default or unresolved material GUID rejection,"guid 31321ba15b8f8eb4c954353edc038b1d",REJECTED,STATIC_SOURCE,"Current static scan finds unresolved material GUID on transport and player blockout materials.","Default/unresolved material cannot be a source and must not ship as final material role.","Resolve or replace with project-owned role materials and texture maps before relink."
REJECT_PACKAGE_CACHE_LIT,global,Package cache Lit.mat or Unity default material rejection,"Package cache Lit.mat; Unity built-in Default-Material; built-in primitive mesh materials",REJECTED,STATIC_DOC,"Task explicitly requires rejecting package cache Lit.mat/default/flat/debug routes; prefab scans show built-in primitive mesh usage.","Not project-owned material source; cannot prove HECTON-8 material identity.","Use project-owned MAT_/TX_ assets with documented PBR roles."
REJECT_PLACEHOLDER_DEBUG,global,Placeholder/proxy/debug material rejection,"Assets/_Project/Materials/WorldRuntime/ProceduralPlaceholders/**; Assets/Shapes/**; MAT_PlayerSwimBlockout",REJECTED,STATIC_SOURCE,"Targeted scans found placeholder/debug/blockout materials and current player blockout material path from 1872.","Placeholder/debug names and blockout material are explicitly below product-face role requirements.","Quarantine from product-face material source matrices; replace with authored production material sets."
