domain,item,evidence_path,evidence_class,current_status,debt_type,rejection_gate,next_owner,next_action,quality_consequence,proof_needed
PRODUCT_FACE,Current ProductFaceStaticRouteAudit reports zero static route findings,Tools/ProductFaceStaticRouteAudit.py stdout 2026-06-04,STATIC_VERIFIED,CLEAR_FOR_THIS_GATE,DOCUMENTATION_GAP,Zero findings in this tool do not override generated asset primitive/default material audits,CONTROLLER_REVIEW,Keep this as route-contract proof only; do not use it to close visual debt,"Compact through Ultra still require authored meshes/materials for product-face prefabs",Unity import/material binding/screenshots remain pending
PRODUCT_FACE,Historical generated asset production audit reports 42 product-face prefabs using Unity built-in primitive meshes,Docs/Reports/Batch18/1851_GENERATED_ASSET_PRODUCTION_AUDIT.md,STATIC_REJECTED,OPEN,PLACEHOLDER_ART_GAP,Player-facing primitive meshes fail product-face floor,MATERIAL_ASSIGNMENT_OWNER,Replace or prove hidden input-only status in Unity owner slot,"Compact cannot use primitive blockout; Middle/High/Ultra add fidelity after authored identity exists",Unity prefab binding proof and current product-face captures
PRODUCT_FACE,Historical product-face matrix reports 17 package/default URP Lit rows and 55 blocked rows,Docs/Reports/Batch19/1909_STATIC_VISUAL_DEBT_AUDIT_PROOF_MATRIX.csv,STATIC_TEXT_VERIFIED,OPEN,MATERIAL_ASSIGNMENT_GAP,Package/default material rows cannot be accepted as product-face art,MATERIAL_ASSIGNMENT_OWNER,Use ProductFace-specific source/channel manifest before relink,"All tiers preserve owned material identity; only texture size/detail scales",Dry-run relink plus Unity binding proof
MATERIAL_TEXTURE_CHANNELS,MaterialAudit found 356 materials 65 with issues 21 with unresolved texture refs and 50 unresolved refs,Tools/MaterialAudit.py stdout 2026-06-04,STATIC_REJECTED,OPEN,MATERIAL_ASSIGNMENT_GAP,Unresolved material texture refs block visual proof,PBR_QA,Resolve texture GUIDs or classify stale refs before material acceptance,"Compact still needs valid albedo/normal/mask identity; High/Ultra add richer maps only after refs resolve",Material YAML/import proof and Unity material preview
MATERIAL_TEXTURE_CHANNELS,MaterialAudit found 14 surface blocker materials and 31 surface unresolved texture refs,Tools/MaterialAudit.py stdout 2026-06-04,STATIC_REJECTED,OPEN,MATERIAL_ASSIGNMENT_GAP,Surface/coast/ocean material slots cannot be accepted with unresolved refs,PBR_QA,Prioritize surface blockers before any shoreline/photict route closure,"Compact must preserve readable surface/wet material identity; Middle/High/Ultra add density",Resolved refs plus current surface/coast captures
MATERIAL_TEXTURE_CHANNELS,MaterialAudit found 58 channel-packing candidates with estimated 212.28 MiB savings,Tools/MaterialAudit.py stdout 2026-06-04,STATIC_TEXT_VERIFIED,OPEN,CHANNEL_CONTRACT_GAP,Separate/ambiguous masks violate PBR channel contract until shader role is documented,PBR_QA,Define ARM/MRAO/ORM contract per shader family before packing/relink,"QualityWeight may scale resolution not channel meaning",Shader contract/import validation/Frame Debugger if shader route changes
MATERIAL_TEXTURE_CHANNELS,MaterialAudit found 55 detail-map missing materials and only 3 materials with detail,Tools/MaterialAudit.py stdout 2026-06-04,STATIC_REJECTED,OPEN,VISUAL_PROOF_GAP,Hero/surface/near materials cannot claim richness without detail route or explicit exemption,PBR_QA,Classify which missing detail maps are required for visual floor vs distant-only exemption,"Compact can reduce resolution but cannot become flat; High/Ultra require micro detail",Material role report and close captures
GENERATED_ASSET_PRODUCTION,Generated asset production audit reports 434 packages 83 errors 1281 warnings,Docs/Reports/Batch18/1851_GENERATED_ASSET_PRODUCTION_AUDIT.md,STATIC_REJECTED,OPEN,PROOF_ARTIFACT_GAP,Generated asset existence is not production readiness,SOURCE_OPERATOR,Build manifests material routes LOD/collider packages and named proof,"Compact needs silhouette/readability; Middle complete materials; High/Ultra source overkill",Manifest validation screenshots wire/final captures
GENERATED_ASSET_PRODUCTION,Generated asset audit reports 338 missing manifests 338 missing named proof and 338 surface/shallow visual proof pending,Docs/Reports/Batch18/1851_GENERATED_ASSET_PRODUCTION_AUDIT.md,STATIC_REJECTED,OPEN,PROOF_ARTIFACT_GAP,Surface/shallow generated assets need named proof before route use,SCENE_VISUAL_OWNER,Execute proof captures in future Unity slot only,"No quality lane can clear visual proof without named captures",Named proof files and current scene captures
CREST_OCEAN_VENDOR_BOUNDARY,Crest quarantine existing report status is FAIL because Easy Save default scan still lists Crest/WaveHarmonic assemblies,Docs/Reports/CREST_QUARANTINE_POLISH_AUDIT.json,STATIC_REJECTED,OPEN,VENDOR_BOUNDARY_GAP,Vendor boundary cannot be declared clean with a failed static check,CREST_OWNER,Resolve or explicitly route remaining Easy Save assembly default contamination without touching package assets,"Compact through Ultra must use vendor-neutral ocean bridge and no hidden Crest direct route",Fresh static report after scoped fix plus Unity binding proof later
CREST_OCEAN_VENDOR_BOUNDARY,Crest quarantine report shows many bridge/quarantine checks PASS including package outside Unity visibility and prefab adapter removed,Docs/Reports/CREST_QUARANTINE_POLISH_AUDIT.json,STATIC_TEXT_VERIFIED,PARTIAL_STATIC_PASS,VENDOR_BOUNDARY_GAP,Partial static pass does not prove active ocean material or frame behavior,UNITY_IMPORT_OWNER,Use only as static boundary evidence; keep active ocean proof pending,"Tiers preserve ocean bridge truth; visual detail scales after active binding proof",Unity scene binding screenshot Frame Debugger/profiler if render path changes
VISUAL_LOD_SCALABILITY,VerifyVisualLodMatrix reports binary OK bytes=2048 aligned16=True hash_collisions=0 tiers=4 extra_records=4,Tools/VerifyVisualLodMatrix.py stdout 2026-06-04,STATIC_VERIFIED,PARTIAL_STATIC_PASS,SCALABILITY_PROOF_GAP,Matrix binary integrity is not runtime LOD/render proof,PERFORMANCE_OWNER,Keep verifier in static gate; require runtime/profiler owner for claims,"Toaster/Deck/Pro/God mode entries exist as static tiers; gameplay truth must not change",Runtime LOD/capture/profiler proof
VISUAL_LOD_SCALABILITY,VisualStressSim reports STATUS=PASS with evidence=PYTHON_OFFLINE_NOT_RUNTIME_PROOF,Tools/VisualStressSim.py stdout 2026-06-04,STATIC_VERIFIED,PARTIAL_STATIC_PASS,SCALABILITY_PROOF_GAP,Offline stress estimate is not frame-time proof,PERFORMANCE_OWNER,Use as regression estimate only; require profiler later,"TOASTER 1560.0 MiB, DECK 2600.0 MiB, PRO 5432.0 MiB, GOD_MODE 11418.0 MiB are estimates",Profiler/VRAM/runtime capture per tier
POLISH_MANDATES,Polish mandate tool was not run because it writes report files; Docs/Tasks/POLISH.txt was read as authority,Tools/PolishMandateStaticAudit.py static inspection,SKIPPED,OPEN,POLISH_PROOF_GAP,Writer tool cannot run inside deliverables-exact constraint,CONTROLLER_REVIEW,Run only in a future task that permits its output paths,"No tier consequence proven; mandates still require zero-GC/static hygiene",Dedicated polish audit output if allowed
HOT_PATH_RISKS,ArchitectureRiskHotlistAudit was not run because it writes reports; no hot-path static result was invented,Tools/ArchitectureRiskHotlistAudit.py static inspection,SKIPPED,OPEN,HOT_PATH_PROOF_GAP,No static proof exists in 2011 packet beyond tool side-effect inspection,PERFORMANCE_OWNER,Run in future allowed output slot or add stdout-only mode,"All tiers remain pending for hot-path risk claims",Architecture risk report and profiler/static source review
PLACEMENT_RULE_RISK,74 procedural placement rule files exist; 30 match kelp/coral/rock names,rg and selected YAML reads 2026-06-04,STATIC_PATH_VERIFIED,PARTIAL_STATIC_PASS,PLACEMENT_CONTRACT_GAP,Rule existence does not prove scene placement or dry-land exclusion,WORLD_PLACEMENT_OWNER,Use YAML rules as contract inputs only; require generated placement validation later,"Compact preserves readable biome composition; higher tiers add density without wrong-depth/dry-land placement",Placement bake report and scene capture
PLACEMENT_RULE_RISK,Kelp starter rule has minDepthMeters=0 maxDepthMeters=180 maxSlopeDegrees=18 and requiredHeatmapChannel=kelp_density,Assets/_Project/Data/World/ProceduralPlacementRules/ProceduralRule_rule_kelp_starter.asset,STATIC_TEXT_VERIFIED,PARTIAL_STATIC_PASS,PLACEMENT_CONTRACT_GAP,Depth/slope contract exists but waterline/dry-land exclusion is not independently proven,WORLD_PLACEMENT_OWNER,Validate against terrain/water masks before accepting kelp placement,"Compact keeps kelp readable in shallow water; High/Ultra add density only after mask proof",Placement validation and current shallow capture
PLACEMENT_RULE_RISK,Coral reef rule has minDepthMeters=0 maxDepthMeters=600 maxSlopeDegrees=40 and requiredHeatmapChannel=coral_density,Assets/_Project/Data/World/ProceduralPlacementRules/ProceduralRule_rule_coral_reef.asset,STATIC_TEXT_VERIFIED,PARTIAL_STATIC_PASS,PLACEMENT_CONTRACT_GAP,Depth/slope contract exists but wrong-depth/dry-land proof is pending,WORLD_PLACEMENT_OWNER,Validate against biome/depth/water masks before accepting coral placement,"Compact keeps coral silhouette and material; High/Ultra add detail/density only after placement proof",Placement validation and photic/depth captures
PLACEMENT_RULE_RISK,Rock shelf rule has minDepthMeters=20 maxDepthMeters=5000 slope 8-58 and preferred biome family refs,Assets/_Project/Data/World/ProceduralPlacementRules/ProceduralRule_rule_rocks_shelf.asset,STATIC_TEXT_VERIFIED,PARTIAL_STATIC_PASS,PLACEMENT_CONTRACT_GAP,Rock rule avoids 0m by contract but scene placement still unproved,WORLD_PLACEMENT_OWNER,Validate against terrain mask waterline and collision/traversal class,"Compact keeps route silhouettes; High/Ultra add strata/wetness",Placement bake report and current coast/depth captures
PLACEMENT_RULE_RISK,67 procedural placeholder material files exist under WorldRuntime/ProceduralPlaceholders,rg count 2026-06-04,STATIC_REJECTED,OPEN,PLACEHOLDER_ART_GAP,Placeholder materials are not production visual floor proof,SOURCE_OPERATOR,Replace placeholders or prove diagnostic-only exclusion before route acceptance,"No tier may use placeholder art as final surface/shallow/hero content",Material relink proof and captures
